Delegation Name,Description,Assigned By,Assigned To,Start Date,End Date,Priority,Status,Comments
Client Presentation Prep,Prepare slides for upcoming client demo,manager@blueoceansteels.com,akshay@blueoceansteels.com,8/15/2025 10:00,8/18/2025 14:00,High,In Progress,Ensure branding is updated
Website Content Update,Revise homepage and product details,manager@blueoceansteels.com,webdev@blueoceansteels.com,8/16/2025 9:00,8/19/2025 10:30,Medium,Pending,Coordinate with marketing
Invoice Processing,Clear pending vendor invoices,cfo@blueoceansteels.com,finance@blueoceansteels.com,8/15/2025 11:00,8/17/2025 16:00,Low,Completed,All invoices before Q2
Marketing Material Design,Create brochures for new campaign,marketing@blueoceansteels.com,marketing@blueoceansteels.com,8/17/2025 14:00,8/20/2025 11:00,Medium,In Progress,Use updated brand colors
Team Training Program,Conduct onboarding training,hrhead@blueoceansteels.com,hr@blueoceansteels.com,8/18/2025 9:00,8/21/2025 9:00,High,Pending,Cover compliance module
Contract Review,Review contract with vendor X,legalhead@blueoceansteels.com,legal@blueoceansteels.com,8/17/2025 12:00,8/19/2025 15:30,High,In Progress,Flag risk clauses
Monthly Report Creation,Compile financial performance report,manager@blueoceansteels.com,analyst@blueoceansteels.com,8/20/2025 10:00,8/25/2025 10:00,Medium,Pending,Include last 3 months data
Inventory System Update,Update ERP with latest stock,ops@blueoceansteels.com,warehouse@blueoceansteels.com,8/17/2025 13:00,8/18/2025 13:00,Low,Completed,Verify against supplier
Client Meeting Scheduling,Schedule meetings with top 5 clients,saleshead@blueoceansteels.com,sales@blueoceansteels.com,8/18/2025 9:30,8/20/2025 14:30,Medium,In Progress,Priority for key accounts
Database Backup Delegation,Ensure daily backup is completed,cto@blueoceansteels.com,it@blueoceansteels.com,8/16/2025 20:00,8/17/2025 20:00,High,Completed,Store copy offsite
